protein_id	name	position	ref_base	variant_base	old_codon	new_codon	aa_change	genomes
YP_009724390.1	S	22104	G	T	GGA	GTA	G181V	MT184910
YP_009724390.1	S	22432	C	T	GAC	GAT	D290D	MT188339
YP_009724390.1	S	23185	C	T	TTC	TTT	F541F	MT188341
YP_009724390.1	S	23403	A	G	GAT	GGT	D614G	MT198653,MT192765
YP_009724390.1	S	23525	C	T	CAT	TAT	H655Y	MT163720
YP_009724390.1	S	24381	C	T	TCC	TTC	S940F	MT198651
YP_009724391.1	ORF3a	25979	G	T	GGA	GTA	G196V	MT198651,MT198652
YP_009724391.1	ORF3a	26144	G	T	GGT	GTT	G251V	MT163716
YP_009724392.1	E	26326	C	T	CTA	TTA	L28L	MT159722
YP_009724393.1	M	26730	G	A	GTT	ATT	V70I	MT163721
YP_009724396.1	orf8	28144	T	C	TTA	TCA	L84S	MT198651,MT198652,MT188341,MT188339,MT163719,MT163718,MT163721,MT163720,MT163717
YP_009724397.2	N	28378	G	T	GCG	GCT	A35A	MT184911
YP_009724397.2	N	28409	C	T	CCC	TCC	P46S	MT159718
YP_009724397.2	N	28657	C	T	GAC	GAT	D128D	MT198651,MT198652
YP_009724397.2	N	28863	C	T	TCA	TTA	S197L	MT198651,MT198652
YP_009724397.2	N	28916	G	A	GGT	AGT	G215S	MT184913
YP_009725255.1	orf10	29635	C	T	TAC	TAT	Y26Y	MT159709
YP_009725297.1	leader	514	T	C	CAT	CAC	H83H	MT188340
YP_009725298.1	nsp2	1102	C	T	TCC	TCT	S99S	MT188339
YP_009725298.1	nsp2	2446	T	C	ACT	ACC	T547T	MT163716
YP_009725299.1	nsp3	3037	C	T	TTC	TTT	F106F	MT192765
YP_009725299.1	nsp3	3099	C	T	ACT	ATT	T127I	MT184911
YP_009725299.1	nsp3	3259	G	T	CAG	CAT	Q180H	MT159707
YP_009725299.1	nsp3	3406	A	C	GAA	GAC	E229D	MT163720
YP_009725299.1	nsp3	3411	C	T	GCT	GTT	A231V	MT163716
YP_009725299.1	nsp3	5572	G	T	ATG	ATT	M951I	MT163716
YP_009725299.1	nsp3	5784	C	T	ACT	ATT	T1022I	MT163721,MT163720
YP_009725299.1	nsp3	6035	A	G	AGC	GGC	S1106G	MT188341
YP_009725300.1	nsp4	8782	C	T	AGC	AGT	S76S	MT198651,MT198652,MT188341,MT188339,MT163719,MT163718,MT163721,MT163720,MT163717
YP_009725300.1	nsp4	9157	T	C	TTT	TTC	F201F	MT184910
YP_009725300.1	nsp4	9477	T	A	TTT	TAT	F308Y	MT198651,MT198652
YP_009725300.1	nsp4	10036	C	T	ATC	ATT	I494I	MT159708
YP_009725301.1	proteinase	10232	C	T	CGT	TGT	R60C	MT192772,MT192773
YP_009725301.1	proteinase	10507	C	T	AAC	AAT	N151N	MT184911
YP_009725302.1	nsp6	11083	G	T	TTG	TTT	L37F	MT184911,MT184910,MT184913,MT184912,MT163716
YP_009725302.1	nsp6	11410	G	A	TTG	TTA	L146L	MT159722
YP_009725307.1	RDRp	14408	C	T	CCT	CTT	P323L	MT198653,MT192765
YP_009725307.1	RDRp	14805	C	T	TAC	TAT	Y455Y	MT198651,MT198652,MT163716
YP_009725308.1	helicase	16467	A	G	CCA	CCG	P77P	MT188341
YP_009725308.1	helicase	17410	C	T	CGT	TGT	R392C	MT188340
YP_009725308.1	helicase	17747	C	T	CCT	CTT	P504L	MT188341,MT188339,MT163719,MT163718,MT163721,MT163720,MT163717
YP_009725308.1	helicase	17858	A	G	TAT	TGT	Y541C	MT188341,MT188339,MT163719,MT163718,MT163721,MT163720,MT163717
YP_009725309.1	exonuclease	18060	C	T	CTC	CTT	L7L	MT188341,MT188339,MT163719,MT163718,MT163721,MT163720,MT163717
YP_009725309.1	exonuclease	18814	C	T	CTG	TTG	L259L	MT192765
YP_009725310.1	endoRNAse	20268	A	G	TTA	TTG	L216L	MT198653
YP_009725310.1	endoRNAse	20281	T	C	TTC	CTC	F221L	MT163719
YP_009725310.1	endoRNAse	20580	G	T	GTG	GTT	V320V	MT163721
YP_009725311.1	methyltransferase	21147	T	C	CTT	CTC	L163L	MT188339
YP_009725311.1	methyltransferase	21386	C	T	TCT	TTT	S243F	MT188341,MT188339
